71373	23615	SHAUNATATE	2014-10-05 19:27:39	autocreate
71374	23616	Bman kills shit	2014-10-05 22:16:11	autocreate
71375	23617	Pontus Petrus	2014-10-05 23:01:29	autocreate
71376	23618	Gri0024	2014-10-06 00:02:15	autocreate
71377	23619	Инокентиј	2014-10-06 00:05:34	autocreate
71380	23620	Darkangel0224	2014-10-06 03:55:13	autocreate
71382	23621	Roede	2014-10-06 05:10:20	autocreate
71383	23622	Boabsmith	2014-10-06 10:21:00	create
71384	23623	Mattshoemaker35	2014-10-06 10:35:59	autocreate
71385	23624	Snorkelcontent	2014-10-06 11:38:54	autocreate
71386	23625	Abbas hashemian	2014-10-06 11:53:30	autocreate
71387	23626	Bubblegum2474	2014-10-06 14:12:12	autocreate
71388	23627	Bouazzamed	2014-10-06 14:30:49	autocreate
71389	23628	Axelcabrera100	2014-10-06 15:01:34	autocreate
71390	23629	Sundgauvien38	2014-10-06 15:33:45	autocreate
71391	23630	Image tube	2014-10-06 17:33:30	autocreate
71392	23631	ViriatoLusitano	2014-10-06 18:19:22	autocreate
71393	23632	Cub68134	2014-10-07 01:10:07	autocreate
71394	23633	Jsnruf	2014-10-07 09:09:50	autocreate
71395	23634	Alex0897	2014-10-07 09:13:52	autocreate
71419	23635	Soyelborrador	2014-10-07 15:20:55	autocreate
71421	23636	Geniys	2014-10-07 17:24:29	autocreate
71423	23638	Centril	2014-10-07 18:44:52	autocreate
71422	23637	Phil05waiter	2014-10-07 17:44:36	create
71424	23639	Rorschach01	2014-10-07 18:45:06	autocreate
71425	23640	Suspender guy	2014-10-07 18:48:13	autocreate
71426	23641	Fornadan	2014-10-07 20:21:24	autocreate
71427	23642	Utzli	2014-10-07 21:12:17	autocreate
71428	23643	Shwayze	2014-10-07 22:17:24	autocreate
71429	23644	Senor Koquonfaes	2014-10-07 22:50:58	autocreate
71430	23645	Jackmcbarn	2014-10-07 23:41:24	autocreate
71431	23646	Lsawkill	2014-10-08 00:43:51	create
71432	23647	Aethelredii	2014-10-08 01:00:17	autocreate
71433	23648	John Sambo	2014-10-08 02:23:14	autocreate
71434	23649	Tarlanhasanli	2014-10-08 02:53:38	autocreate
71435	23650	AstarothXY	2014-10-08 05:06:32	autocreate
71436	23651	Nirjal stha	2014-10-08 05:32:33	autocreate
71437	23652	Mr. Bunker	2014-10-08 06:52:06	autocreate
71439	23654	Womboy	2014-10-08 14:48:46	autocreate
71438	23653	Ummaraju	2014-10-08 14:08:56	autocreate
71440	23655	Rene convington	2014-10-08 15:41:43	autocreate
71441	23656	Антон патріот	2014-10-08 19:17:38	autocreate
71442	23657	DrIVXX	2014-10-08 19:24:38	autocreate
71443	23658	CeilidhRake	2014-10-08 19:35:14	create
71445	23660	3-k-fee	2014-10-08 22:36:38	autocreate
71444	23659	Muhammet Aygün	2014-10-08 19:47:42	autocreate
71446	23661	NaggoBot	2014-10-08 23:15:23	autocreate
71447	23662	Ambm1969	2014-10-09 02:33:40	autocreate
71449	23664	Dargueta	2014-10-09 02:46:50	autocreate
71448	23663	Michaelsurvivor	2014-10-09 02:46:18	autocreate
71450	23665	MuDavid	2014-10-09 07:56:57	autocreate
71452	23667	Ogirdham	2014-10-09 11:47:41	autocreate
71451	23666	Diw.ex	2014-10-09 09:13:18	autocreate
71453	23668	Llywenan	2014-10-09 13:31:23	autocreate
71455	23670	Absurddreamer	2014-10-09 17:22:03	autocreate
71457	23672	Pyb	2014-10-09 21:24:47	autocreate
71454	23669	Chessrat	2014-10-09 15:04:20	autocreate
71456	23671	Villy Fink Isaksen	2014-10-09 18:21:12	autocreate
71458	23673	Wreck Smurfy	2014-10-09 23:45:23	autocreate
71460	23675	Stefanm93	2014-10-10 11:59:52	autocreate
71459	23674	Mattman11B	2014-10-10 04:21:02	autocreate
71461	23676	PapuassBot	2014-10-10 12:07:22	autocreate
71463	23677	Iarik	2014-10-10 17:19:22	autocreate
71465	23679	Jhandoffer	2014-10-10 21:41:48	autocreate
71467	23681	Toblu	2014-10-11 00:27:06	autocreate
71464	23678	Mathmannix	2014-10-10 17:24:05	autocreate
71466	23680	Two halves	2014-10-10 23:47:35	autocreate
71477	23682	Magnetsum	2014-10-11 07:32:02	autocreate
71478	23683	Hollth	2014-10-11 07:59:33	autocreate
71479	23684	Vaclav.Makes	2014-10-11 08:58:57	autocreate
71480	23685	ToniSant	2014-10-11 10:26:09	autocreate
71481	23686	Jason45	2014-10-11 11:56:44	autocreate
71482	23687	Caproni Ca.33	2014-10-11 12:34:29	autocreate
71483	23688	Grebsky	2014-10-11 13:40:11	autocreate
71506	23689	Banangraut	2014-10-11 19:04:14	autocreate
71507	23690	Maysy	2014-10-11 20:28:25	autocreate
71508	23691	SodomGom	2014-10-11 21:03:54	autocreate
71510	23692	Julius Ceaser1312	2014-10-12 00:00:01	autocreate
71511	23693	Osama muhammad yahoo	2014-10-12 00:44:09	autocreate
71512	23694	Vsuneelkumar	2014-10-12 06:01:59	autocreate
71513	23695	Stanleytux	2014-10-12 06:24:24	autocreate
71515	23697	Healmatic	2014-10-12 09:09:36	autocreate
71517	23699	Macesito	2014-10-12 13:27:16	autocreate
71519	23701	Oteriwutaban	2014-10-12 15:08:42	autocreate
71514	23696	AsharaDayne	2014-10-12 07:43:39	autocreate
71516	23698	Skritniy	2014-10-12 09:33:51	autocreate
71518	23700	Dthomsen8	2014-10-12 14:43:23	autocreate
71520	23702	Balloonguy	2014-10-12 15:48:01	autocreate
71522	23704	ChicagoFireFan	2014-10-12 16:13:37	autocreate
71521	23703	حسان خان	2014-10-12 15:52:04	autocreate
71526	23705	Slimguy	2014-10-12 18:01:14	autocreate
71534	23706	Lzrbiim	2014-10-12 19:29:22	autocreate
71535	23707	Mgoodyear	2014-10-13 02:00:17	autocreate
71541	23708	Thomascpre	2014-10-13 06:49:11	autocreate
71542	23709	Little3	2014-10-13 08:11:06	autocreate
71543	23710	Carsten Johannes M.	2014-10-13 08:43:00	autocreate
71544	23711	Isokiho	2014-10-13 11:52:32	autocreate
71552	23712	LeoBay	2014-10-13 13:17:17	autocreate
71557	23713	شاه بابل	2014-10-13 14:48:14	autocreate
71558	23714	Liam98865	2014-10-13 14:49:57	autocreate
71559	23715	Alazon	2014-10-13 17:16:49	autocreate
71560	23716	MrMoth	2014-10-13 19:45:01	autocreate
71568	23717	Georg-hessen	2014-10-14 00:24:26	autocreate
71572	23718	Corbijr	2014-10-14 03:44:06	autocreate
71578	23719	Rudvictor000	2014-10-14 04:35:52	autocreate
71579	23720	Infernet	2014-10-14 08:49:28	autocreate
71580	23721	E4024	2014-10-14 09:21:21	autocreate
71581	23722	Nekoraji666	2014-10-14 10:00:35	autocreate
71582	23723	Rubentsui	2014-10-14 11:22:53	autocreate
71593	23724	ILVTW	2014-10-14 14:59:10	autocreate
71611	23725	Snabbkaffe	2014-10-14 17:42:10	autocreate
71612	23726	Avilena	2014-10-14 19:22:29	autocreate
71613	23727	Malanoqa	2014-10-14 19:28:32	autocreate
71614	23728	Lotaki	2014-10-14 20:13:35	autocreate
71622	23729	Rmmynday	2014-10-14 21:36:05	autocreate
71648	23730	Maxaubry	2014-10-15 11:53:20	autocreate
71650	23732	Olava92	2014-10-15 12:11:54	autocreate
71652	23734	Pacharus	2014-10-15 13:36:21	autocreate
71649	23731	Fiontain	2014-10-15 12:11:01	autocreate
71651	23733	Nick Michael	2014-10-15 13:06:04	autocreate
71653	23735	B777plane	2014-10-15 14:07:12	autocreate
71680	23736	Gyanihome	2014-10-15 16:32:24	autocreate
71681	23737	Smigmaster	2014-10-15 17:02:27	autocreate
71682	23738	Saxmund	2014-10-15 17:56:49	autocreate
71683	23739	Nachcommonsverschieber	2014-10-15 18:30:32	autocreate
71684	23740	Perzhi	2014-10-15 18:37:06	autocreate
71685	23741	Criaquilfail	2014-10-15 19:06:25	create
71686	23742	DryominG	2014-10-15 19:50:30	autocreate
71687	23743	Chicken4PL	2014-10-15 20:23:16	autocreate
71688	23744	Fuxx	2014-10-15 20:29:26	autocreate
71689	23745	Feezo	2014-10-16 03:07:26	autocreate
71691	23746	Cuatrocuatro	2014-10-16 04:25:54	autocreate
71695	23747	TheOctagonalFlu	2014-10-16 11:16:54	autocreate
71696	23748	Snorlax Monster	2014-10-16 11:55:34	autocreate
71720	23749	Vinguru	2014-10-16 13:20:21	autocreate
71721	23750	Fflavio74	2014-10-16 13:40:38	autocreate
71722	23751	Jean-Jacques Georges	2014-10-16 14:49:29	autocreate
71723	23752	Kamal618	2014-10-16 14:59:59	autocreate
71724	23753	Orlando sgro	2014-10-16 15:26:06	autocreate
71726	23755	MerkazMagen	2014-10-16 19:10:55	autocreate
71725	23754	Commuboy	2014-10-16 17:02:22	autocreate
71728	23756	JFMorse	2014-10-16 20:45:34	autocreate
71729	23757	MilanKovacevic	2014-10-16 20:56:00	autocreate
71736	23758	NemesisFY	2014-10-16 22:00:21	autocreate
71744	23759	Sal Demarco	2014-10-17 02:58:00	autocreate
71751	23760	Guenter Seeger	2014-10-17 05:28:27	autocreate
71752	23761	Roniro	2014-10-17 10:01:22	autocreate
71753	23762	Av.minculescu	2014-10-17 12:01:31	autocreate
71754	23763	Livvyfan	2014-10-17 13:25:07	autocreate
71755	23764	Duckbill89	2014-10-17 15:30:20	autocreate
71756	23765	Max 2000	2014-10-17 16:20:48	autocreate
71757	23766	Pahlevun	2014-10-17 18:39:35	autocreate
71758	23767	Leonst	2014-10-17 21:05:22	autocreate
71759	23768	CorporateM	2014-10-17 22:08:59	autocreate
71760	23769	Lux ex Tenebris	2014-10-17 22:30:00	autocreate
71761	23770	Spanky2112	2014-10-17 23:21:23	autocreate
71762	23771	Yellowtailshark	2014-10-17 23:41:54	autocreate
71763	23772	Herwiki	2014-10-18 01:19:43	autocreate
71764	23773	Smelle24	2014-10-18 04:02:03	autocreate
71765	23774	Chaotic Good	2014-10-18 08:24:28	autocreate
71766	23775	艾德一世	2014-10-18 13:08:45	autocreate
71767	23776	Gts-tg	2014-10-18 13:43:34	autocreate
71768	23777	RGarella	2014-10-18 13:49:13	autocreate
71769	23778	Catpals	2014-10-18 15:07:35	autocreate
71770	23779	Italay90	2014-10-18 19:43:12	autocreate
71771	23780	Arnaud 25	2014-10-18 20:26:40	autocreate
71772	23781	Jellespijker	2014-10-18 21:29:05	autocreate
71774	23783	Mkow88	2014-10-18 22:17:32	autocreate
71773	23782	JackHodg	2014-10-18 21:47:47	autocreate
71775	23784	Juanmariokd	2014-10-18 22:25:01	autocreate
71778	23785	Paulotani	2014-10-18 23:20:06	autocreate
71780	23786	LLTT	2014-10-19 02:37:32	autocreate
71783	23788	Jmmuguerza	2014-10-19 03:51:08	autocreate
71782	23787	Tomohiro HIRAO	2014-10-19 03:18:25	autocreate
71786	23790	Brett Dunbar	2014-10-19 14:32:37	autocreate
71785	23789	Michiel1972	2014-10-19 13:24:58	autocreate
71787	23791	Scimonster	2014-10-19 15:08:37	autocreate
71789	23793	Gurmukh	2014-10-19 15:40:27	create
71788	23792	Nenea hartia	2014-10-19 15:22:34	autocreate
71790	23794	Hahnchen	2014-10-19 19:16:21	autocreate
71791	23795	Irmovies	2014-10-19 20:16:50	autocreate
71796	23796	Tokai	2014-10-20 05:35:18	autocreate
71797	23797	Americanfreedom	2014-10-20 06:42:52	autocreate
71798	23798	DanielRoldan	2014-10-20 09:00:11	autocreate
71799	23799	LombokTaku	2014-10-20 09:35:21	autocreate
71813	23800	Ignacitum	2014-10-20 16:52:31	autocreate
71814	23801	Thomas1313	2014-10-20 17:13:54	autocreate
71815	23802	Thevolodymyr	2014-10-20 18:59:47	autocreate
71816	23803	Caerylues	2014-10-20 20:22:07	autocreate
71817	23804	Biblioworm	2014-10-20 22:45:02	autocreate
71818	23805	Abraham	2014-10-20 23:02:52	autocreate
71820	23806	SlightTorrent	2014-10-21 00:22:13	autocreate
71828	23807	Harlananderson	2014-10-21 00:52:43	autocreate
71832	23808	Jeffreysstone	2014-10-21 03:44:49	autocreate
71838	23809	Evaetyre	2014-10-21 06:23:49	autocreate
71839	23810	Iñaki LLM	2014-10-21 08:45:48	autocreate
71841	23812	Alonstoter	2014-10-21 10:05:14	autocreate
71840	23811	Snowstormer	2014-10-21 09:41:25	autocreate
71842	23813	Jackthechainsaw	2014-10-21 14:03:31	autocreate
71843	23814	Aumnamahashiva	2014-10-21 14:05:16	autocreate
71844	23815	Raja lakshmirdu	2014-10-21 14:57:29	autocreate
71845	23816	Borlennie	2014-10-21 16:13:02	autocreate
71846	23817	Nason84	2014-10-21 17:56:31	autocreate
71847	23818	Ibrahim Husain Meraj	2014-10-21 18:28:43	autocreate
71848	23819	Paulbe	2014-10-21 19:14:07	autocreate
71849	23820	MICHI abba	2014-10-21 19:21:07	autocreate
71855	23821	Stepheng3	2014-10-21 20:09:27	autocreate
71869	23822	Argi4wiki	2014-10-22 02:39:03	autocreate
71870	23823	Monkaap	2014-10-22 09:43:20	autocreate
71871	23824	Cuenqui	2014-10-22 11:24:06	autocreate
71872	23825	Somchai Sun	2014-10-22 18:37:33	autocreate
71873	23826	Winterheart	2014-10-22 18:44:58	autocreate
71874	23827	Lucasmf23	2014-10-22 22:06:25	autocreate
71882	23828	Zaphodia	2014-10-22 23:15:35	autocreate
71889	23829	Kevstan	2014-10-23 01:20:02	autocreate
71890	23830	Pushanbasu	2014-10-23 07:47:40	autocreate
71891	23831	Lspiste	2014-10-23 09:40:25	autocreate
71892	23832	Kateryna Stepanova	2014-10-23 11:59:04	autocreate
71901	23833	Niknik660123	2014-10-23 13:31:40	autocreate
71924	23834	Ulkl	2014-10-23 15:42:48	autocreate
71925	23835	D Eaketts	2014-10-23 19:18:14	autocreate
71926	23836	Zaichatnick	2014-10-23 19:58:19	autocreate
71933	23837	BigBearLovesPanda	2014-10-23 23:00:34	autocreate
71939	23838	Billyyeatts	2014-10-24 02:11:43	autocreate
71940	23839	Mhhossein	2014-10-24 02:53:21	autocreate
71942	23840	Vitalie Ciubotaru	2014-10-24 03:54:45	autocreate
71943	23841	Kossa b	2014-10-24 07:44:24	autocreate
71944	23842	Ilona1203	2014-10-24 11:08:59	autocreate
71945	23843	Hdistdj271	2014-10-24 11:29:58	autocreate
71946	23844	Obseosionado	2014-10-24 11:45:51	autocreate
71949	23845	Aude9331	2014-10-24 22:45:18	autocreate
71956	23846	Korpio8	2014-10-25 00:52:22	autocreate
71957	23847	Puckottini	2014-10-25 01:05:37	autocreate
71958	23848	WhaleyTim	2014-10-25 01:19:18	autocreate
71964	23850	Mahender121	2014-10-25 07:09:19	autocreate
71959	23849	Camdrew	2014-10-25 01:35:37	autocreate
71965	23851	Jonaskiselis	2014-10-25 12:22:50	autocreate
71980	23852	Codex	2014-10-25 16:02:05	autocreate
71984	23853	Scoobybay26	2014-10-25 18:08:32	autocreate
71998	23854	Kdechman	2014-10-26 04:10:04	autocreate
71999	23855	Metadox	2014-10-26 05:32:41	autocreate
72001	23857	Neethubharan	2014-10-26 08:16:14	autocreate
72000	23856	Uhooep	2014-10-26 08:09:50	autocreate
72002	23858	Xenocidius	2014-10-26 08:47:17	autocreate
72003	23859	MCaecilius	2014-10-26 11:46:31	autocreate
72004	23860	Jellyman	2014-10-26 11:56:09	autocreate
72005	23861	Ossi10122	2014-10-26 13:09:26	autocreate
72006	23862	N665866Z	2014-10-26 13:26:08	autocreate
72007	23863	Xaethon	2014-10-26 13:50:07	autocreate
72008	23864	Scottmz	2014-10-26 15:46:50	autocreate
72009	23865	MatGTAM	2014-10-26 16:22:45	autocreate
72010	23866	Qako2468	2014-10-26 16:36:13	autocreate
72011	23867	Taktoperz77	2014-10-26 17:03:16	autocreate
72012	23868	Citricsquid	2014-10-26 17:45:59	autocreate
72016	23869	Karank1984	2014-10-27 00:28:21	autocreate
72017	23870	Ahil123	2014-10-27 02:06:47	autocreate
72018	23871	Restless Hobo	2014-10-27 03:02:26	autocreate
72020	23873	YiFeiBot	2014-10-27 11:40:46	autocreate
72019	23872	Gnurok	2014-10-27 06:25:55	autocreate
72022	23875	ArturPolnik	2014-10-27 15:14:27	autocreate
72021	23874	Billion57	2014-10-27 12:11:06	autocreate
72024	23877	Rob at Houghton	2014-10-27 18:46:36	autocreate
72023	23876	Mjpacheco1	2014-10-27 15:38:23	autocreate
72026	23879	Yokokoko	2014-10-27 21:11:29	autocreate
72025	23878	Inesbugsbunnyines	2014-10-27 21:07:38	autocreate
72027	23880	RikS11	2014-10-27 23:34:34	autocreate
72052	23881	Jenish Rocks	2014-10-28 02:23:33	autocreate
72054	23882	一方上山	2014-10-28 04:20:00	autocreate
72055	23883	Hll.tygr	2014-10-28 05:09:54	autocreate
72056	23884	Tonyhao8	2014-10-28 05:24:58	autocreate
72069	23885	MartinUltra	2014-10-28 14:41:35	autocreate
72070	23886	Notrium	2014-10-28 16:15:08	autocreate
72071	23887	Yekimyarw	2014-10-28 16:58:42	autocreate
72072	23888	Sonicthemeatball	2014-10-28 17:49:24	autocreate
72074	23889	Neo ^	2014-10-28 19:48:45	autocreate
72076	23890	Thegamexdx	2014-10-28 22:37:27	autocreate
72077	23891	Trl22012	2014-10-28 22:43:52	autocreate
72082	23892	Bearcatcher	2014-10-28 23:41:43	autocreate
72084	23893	Duncan2000	2014-10-28 23:44:07	create
72102	23894	!iorgi!	2014-10-29 07:43:59	autocreate
72105	23896	Bèrego Enedòro	2014-10-29 18:46:26	autocreate
72104	23895	Dünya vatandaşı	2014-10-29 16:41:35	autocreate
72108	23898	Alyroon	2014-10-29 21:39:30	autocreate
72107	23897	Wsiegmund	2014-10-29 21:37:38	autocreate
72109	23899	レンネン	2014-10-29 22:02:14	autocreate
72124	23900	Dekimasu	2014-10-30 00:36:22	autocreate
72125	23901	Znex	2014-10-30 06:37:43	autocreate
72126	23902	N-mar2014	2014-10-30 09:10:37	autocreate
72127	23903	Beso de Trueno Mil Novecientos Sesenta y Cinco	2014-10-30 10:27:07	autocreate
72128	23904	Whiteandnerdy52	2014-10-30 10:29:13	autocreate
72129	23905	Sprotte57	2014-10-30 12:55:06	autocreate
72131	23906	Baba Tabita	2014-10-30 18:33:17	autocreate
72132	23907	ノフノフ	2014-10-30 19:15:32	autocreate
72133	23908	Jelle.s.lln	2014-10-30 19:42:09	autocreate
72134	23909	Alter87Ego	2014-10-30 19:48:29	autocreate
72137	23910	Alcea setosa	2014-10-30 22:14:46	autocreate
72138	23911	Crazy Horse 1876	2014-10-30 22:28:28	autocreate
72139	23912	Shikeishu	2014-10-30 23:37:13	autocreate
72142	23913	Sampayu	2014-10-31 00:07:25	autocreate
72143	23914	GAV80	2014-10-31 09:21:05	autocreate
72144	23915	Dhtwiki	2014-10-31 11:27:15	autocreate
72145	23916	Bamshaad	2014-10-31 11:28:39	autocreate
72146	23917	Vicipéid12	2014-10-31 14:29:26	autocreate
72147	23918	Bdscvr	2014-10-31 16:22:10	autocreate
72148	23919	Solomonsunder	2014-10-31 16:40:02	autocreate
72149	23920	CSvBibra	2014-10-31 16:42:49	autocreate
72150	23921	Ah3kal	2014-10-31 17:26:32	autocreate
72151	23922	Rocherd	2014-10-31 20:05:00	autocreate
72152	23923	Kenorb	2014-10-31 20:37:54	autocreate
72153	23924	Jaewill4	2014-10-31 23:03:03	create
72158	23925	Newyorkbrad	2014-11-01 04:48:17	autocreate
72159	23926	Parabolist	2014-11-01 06:30:14	autocreate
72160	23927	Ali32liver	2014-11-01 10:38:15	autocreate
72161	23928	Tommylommykins	2014-11-01 11:34:29	autocreate
72162	23929	Legit Alternate Account	2014-11-01 13:35:59	autocreate
72163	23930	FCNantes72	2014-11-01 13:54:59	autocreate
72164	23931	Wwane	2014-11-01 14:57:20	autocreate
72165	23932	Andrew Davidson	2014-11-01 15:16:49	autocreate
72166	23933	Nobelpreis	2014-11-01 15:26:30	autocreate
72167	23934	לאג רעיל	2014-11-01 15:59:16	autocreate
72168	23935	Nom DeGuerre	2014-11-01 18:07:43	autocreate
72181	23936	EuroCarGT	2014-11-01 20:33:26	autocreate
72186	23937	Floris5	2014-11-01 21:15:30	autocreate
72188	23938	MostCult	2014-11-01 22:02:26	autocreate
72189	23939	Sehrg	2014-11-01 22:12:41	autocreate
72190	23940	Steverci	2014-11-01 22:31:01	autocreate
72192	23941	StudiesWorld	2014-11-01 22:50:13	autocreate
72193	23942	Mariosaldi	2014-11-02 08:04:28	autocreate
72194	23943	Josse.Cottenier	2014-11-02 08:28:44	autocreate
72195	23944	1415wolf	2014-11-02 08:40:59	create
72196	23945	Dato112	2014-11-02 09:21:25	autocreate
72197	23946	Jiří Málek Vagenknecht	2014-11-02 09:37:05	autocreate
72198	23947	シノピー	2014-11-02 10:55:23	autocreate
72199	23948	Dan Polansky	2014-11-02 12:05:37	autocreate
72200	23949	お燐	2014-11-02 13:51:32	autocreate
72202	23951	Alex Sorokin	2014-11-02 15:38:01	autocreate
72201	23950	Moonstrike	2014-11-02 14:09:43	autocreate
72203	23952	MushroomCloud	2014-11-02 16:59:31	autocreate
72205	23954	Lecterm	2014-11-02 18:07:40	autocreate
72204	23953	Jefft0	2014-11-02 17:08:06	autocreate
72206	23955	Delphi234	2014-11-02 18:54:00	autocreate
72216	23956	Mr.powar	2014-11-02 19:29:38	autocreate
72220	23957	Neersh	2014-11-02 20:07:45	autocreate
72223	23959	Rayton89	2014-11-03 00:44:30	autocreate
72222	23958	ZehJBert	2014-11-02 20:22:20	autocreate
72224	23960	Chamidu madusanka	2014-11-03 04:46:45	autocreate
72226	23962	Rafael.artuso	2014-11-03 13:44:01	autocreate
72225	23961	ნაპოლეონი12	2014-11-03 13:08:34	autocreate
72228	23963	中英互译者	2014-11-03 14:26:54	autocreate
72263	23964	Микола Василечко	2014-11-03 17:37:32	autocreate
72266	23965	MarcusManlius	2014-11-03 19:46:18	autocreate
72270	23966	Alejojojo6	2014-11-03 21:37:20	autocreate
72271	23967	Mikeo1938	2014-11-03 22:40:27	autocreate
72272	23968	Magounify	2014-11-03 23:28:15	autocreate
72273	23969	Kulandru mor	2014-11-03 23:36:06	autocreate
72274	23970	Doosheyandhershey	2014-11-03 23:45:16	autocreate
72275	23971	Drbug	2014-11-04 00:49:11	autocreate
72276	23972	NahidSultan	2014-11-04 03:55:44	autocreate
72277	23973	Robybartels	2014-11-04 07:53:39	autocreate
72278	23974	Federico Leva (BEIC)	2014-11-04 11:13:40	autocreate
72279	23975	Clausule	2014-11-04 12:55:57	autocreate
72281	23976	Mystery train	2014-11-04 14:51:39	autocreate
72282	23977	Xensyria	2014-11-04 16:03:14	autocreate
72294	23978	Gunainm	2014-11-04 20:45:31	autocreate
72295	23979	Steven C. Price	2014-11-04 21:14:16	autocreate
72301	23980	Derebeg	2014-11-05 00:36:22	autocreate
72303	23981	Walambalu	2014-11-05 01:49:14	autocreate
72305	23983	Rasnm	2014-11-05 11:16:23	autocreate
72307	23985	Enrevseluj	2014-11-05 13:45:14	autocreate
72304	23982	Cartermassey	2014-11-05 04:49:30	autocreate
72306	23984	啊憾	2014-11-05 12:40:48	autocreate
72308	23986	Leonb2273	2014-11-05 15:30:39	autocreate
72310	23988	Mabzilla	2014-11-05 18:04:46	autocreate
72312	23990	Sticcq	2014-11-05 20:51:08	autocreate
72309	23987	Steelsister	2014-11-05 17:38:43	autocreate
72311	23989	Srothen84	2014-11-05 18:41:25	autocreate
72313	23991	Daviemoore87	2014-11-05 23:24:27	autocreate
72314	23992	Momsandy	2014-11-05 23:50:02	autocreate
72320	23993	Nagikama	2014-11-06 01:35:18	autocreate
72321	23994	Realdj71	2014-11-06 01:54:00	autocreate
72331	23995	Danielinblue	2014-11-06 05:01:15	autocreate
72332	23996	Vrfarrell	2014-11-06 07:02:50	autocreate
72333	23997	Narayanese	2014-11-06 07:09:57	autocreate
72334	23998	Philippe Pelletier	2014-11-06 11:33:31	autocreate
72335	23999	Prtzllife	2014-11-06 11:41:23	autocreate
72336	24000	Valloria	2014-11-06 12:10:19	autocreate
72337	24001	Argenbart	2014-11-06 12:47:31	autocreate
72346	24002	Sator	2014-11-06 16:46:40	autocreate
72347	24003	Nibiko	2014-11-06 16:53:54	autocreate
72348	24004	Lcawte	2014-11-06 19:31:29	autocreate
72350	24005	Fruit4dinner	2014-11-06 23:04:01	autocreate
72351	24006	Markbyrn	2014-11-06 23:04:30	autocreate
72371	24007	Robslpy	2014-11-07 14:15:15	autocreate
72385	24008	Alles fliesst	2014-11-07 15:02:54	autocreate
72386	24009	Ms.3hooD	2014-11-07 15:23:49	autocreate
72387	24010	Teletoonmaniac	2014-11-07 16:28:03	autocreate
72393	24011	LucSaffre	2014-11-07 18:02:29	autocreate
72396	24012	Shguan	2014-11-07 20:04:34	autocreate
72397	24013	Bboby570	2014-11-07 20:13:33	autocreate
72409	24014	Materasi	2014-11-08 01:18:18	autocreate
72413	24015	Asmrulz	2014-11-08 09:08:01	autocreate
72414	24016	Il Magnus Magni	2014-11-08 10:56:01	autocreate
72415	24017	Oreipm	2014-11-08 11:48:57	autocreate
72416	24018	XXPenumbraXx	2014-11-08 12:35:11	autocreate
72426	24019	Josve05a	2014-11-08 14:25:56	autocreate
72436	24020	Kworb	2014-11-08 23:54:40	autocreate
72437	24021	Baumsiebach	2014-11-09 04:06:56	autocreate
72438	24022	T Cuzzillo	2014-11-09 04:20:10	autocreate
72439	24023	Sjlain	2014-11-09 06:58:36	autocreate
72440	24024	Mezar Kazıcısı	2014-11-09 07:40:13	autocreate
72441	24025	Biolongvistul	2014-11-09 08:58:30	autocreate
72442	24026	OllieBray	2014-11-09 11:16:43	autocreate
72443	24027	Janaaron97	2014-11-09 20:33:08	autocreate
72444	24028	Ślimaczek	2014-11-09 20:54:59	autocreate
72445	24029	Gameaddict07	2014-11-09 21:41:04	autocreate
72448	24030	Lektor w	2014-11-10 00:00:14	autocreate
72490	24031	Lambda Fairy	2014-11-10 01:47:42	autocreate
72492	24032	Jurryaany	2014-11-10 03:05:15	autocreate
72493	24033	Srno hqm hqm	2014-11-10 09:48:28	autocreate
72504	24034	Osa13ko	2014-11-10 18:53:25	autocreate
72505	24035	Dymitr	2014-11-10 19:40:59	autocreate
72506	24036	Eakopskvm	2014-11-11 03:58:30	autocreate
72507	24037	G(x)	2014-11-11 04:31:46	autocreate
72508	24038	HanSangYoon	2014-11-11 09:45:08	autocreate
72509	24039	Mhenrik	2014-11-11 13:45:04	autocreate
72510	24040	Chibisovitc	2014-11-11 13:45:53	autocreate
72511	24041	Bigturtle	2014-11-11 14:19:25	autocreate
72512	24042	Cubano93	2014-11-11 15:25:11	autocreate
72513	24043	Kgpl1990silverstar	2014-11-11 18:16:20	autocreate
72514	24044	Exceedololo	2014-11-11 18:32:49	autocreate
72515	24045	HackedBotato	2014-11-11 19:43:10	autocreate
72516	24046	Niemiro	2014-11-11 20:53:18	autocreate
72518	24047	Abui91	2014-11-11 22:12:32	autocreate
72519	24048	Enyibo	2014-11-12 07:06:13	autocreate
72520	24049	Isaac Charles	2014-11-12 08:57:41	autocreate
72522	24050	RightCowLeftCoast	2014-11-12 21:35:47	autocreate
72523	24051	Ejlnb	2014-11-12 22:50:56	autocreate
72524	24052	Danialbehzadi	2014-11-12 23:12:55	autocreate
72525	24053	Ricardo Hausler	2014-11-13 00:29:53	autocreate
72526	24054	JoostaLad	2014-11-13 03:23:09	create
72527	24055	KnifeAbortionist69	2014-11-13 03:32:36	create
72528	24056	Da Bomb76	2014-11-13 06:06:49	autocreate
72529	24057	Jimmy Fleischer	2014-11-13 10:10:47	autocreate
72530	24058	RabeaMalah	2014-11-13 13:00:39	autocreate
72555	24059	Ammartivari	2014-11-13 18:00:12	autocreate
72565	24060	Fustis	2014-11-13 18:37:25	autocreate
72568	24061	Lestuiles	2014-11-13 19:35:40	autocreate
72569	24062	Bipulbihari	2014-11-13 19:51:07	autocreate
72570	24063	James Roy Armstrong	2014-11-13 20:54:01	autocreate
72571	24064	Merrilee	2014-11-14 00:44:04	autocreate
72572	24065	Akateljkt	2014-11-14 01:34:26	autocreate
72573	24066	Joshay.16	2014-11-14 04:03:52	autocreate
72574	24067	KingQueenPrince	2014-11-14 05:04:54	autocreate
72581	24068	MoniqueGaudet	2014-11-14 15:40:04	autocreate
72593	24069	Urdumovies	2014-11-15 02:42:40	autocreate
72594	24070	Oedg	2014-11-15 05:02:07	autocreate
72595	24071	4444hhhh	2014-11-15 06:29:02	autocreate
72597	24073	Paul akech	2014-11-15 10:33:30	autocreate
72596	24072	AllforArsenal123	2014-11-15 10:08:39	autocreate
72598	24074	Diwas	2014-11-15 10:44:33	autocreate
72600	24076	Gonkoll	2014-11-15 11:14:22	autocreate
72602	24078	Roya Shirali	2014-11-15 13:22:47	autocreate
72604	24080	Jimderham	2014-11-15 14:49:08	autocreate
72606	24081	TR-BT	2014-11-15 16:51:16	autocreate
72599	24075	Stolitsa740	2014-11-15 11:08:18	autocreate
72608	24083	Mr Jefferson	2014-11-15 18:25:24	autocreate
72601	24077	Klangtao	2014-11-15 12:13:07	autocreate
72603	24079	Auledas	2014-11-15 14:12:52	autocreate
72607	24082	Atsje	2014-11-15 18:00:42	autocreate
72609	24084	ObscurityPrince	2014-11-15 20:07:35	autocreate
72610	24085	Captain Cornwall	2014-11-15 22:49:44	autocreate
72612	24086	Shiva767	2014-11-16 01:00:37	autocreate
72613	24087	Patricio.lorente	2014-11-16 01:06:04	autocreate
72618	24088	Zenunim88	2014-11-16 06:32:26	autocreate
72619	24089	Spiros790	2014-11-16 07:17:36	autocreate
72620	24090	PauloEduardo	2014-11-16 10:25:08	autocreate
72621	24091	Nunovin	2014-11-16 11:41:11	autocreate
72622	24092	Krass1976	2014-11-16 13:25:53	autocreate
72623	24093	DorganBot	2014-11-16 13:50:57	autocreate
72624	24094	泊晗	2014-11-16 14:15:31	autocreate
72625	24095	Jarould	2014-11-16 17:00:09	autocreate
72626	24096	ישראל גרינער	2014-11-16 17:26:37	autocreate
72627	24097	Aervin	2014-11-17 00:16:56	autocreate
72628	24098	Jakedesnake	2014-11-17 02:23:27	autocreate
72629	24099	(지금은) 소년시대	2014-11-17 12:06:14	autocreate
72630	24100	Generale Lee	2014-11-17 12:25:45	autocreate
72631	24101	Zhukk	2014-11-17 13:19:41	autocreate
72632	24102	Luisgoncalves10	2014-11-17 17:09:57	create
72644	24103	Lesless	2014-11-17 21:14:15	autocreate
72647	24104	CFindlay12	2014-11-18 01:46:48	autocreate
72648	24105	Mistressofmemphis	2014-11-18 07:03:13	autocreate
72649	24106	Laporeille	2014-11-18 07:37:34	autocreate
72650	24107	Palsie21	2014-11-18 08:21:37	autocreate
72651	24108	Vodnokon4e	2014-11-18 08:42:56	autocreate
72652	24109	HHuxley	2014-11-18 13:48:03	autocreate
72692	24110	两只熊掌	2014-11-18 15:02:51	autocreate
72693	24111	Sokkol	2014-11-18 15:16:06	autocreate
72694	24112	Полина Кондратенко	2014-11-18 15:33:30	autocreate
72695	24113	BrunoAH	2014-11-18 15:57:55	autocreate
72696	24114	Moon0000	2014-11-18 16:20:03	autocreate
72701	24115	Willian cantini	2014-11-18 19:20:27	autocreate
72702	24116	Td222	2014-11-18 21:06:47	autocreate
72704	24117	FierceJake754	2014-11-18 22:50:19	autocreate
72705	24118	IIIJL22	2014-11-18 22:55:21	autocreate
72707	24119	Nick5105	2014-11-18 22:57:23	create
72709	24120	Peredoplo	2014-11-18 23:11:04	autocreate
72719	24121	Rgar98	2014-11-19 02:06:31	autocreate
72725	24122	Stag Ark	2014-11-19 03:30:01	autocreate
72727	24123	AddiW	2014-11-19 09:06:13	autocreate
72728	24124	Nk	2014-11-19 12:11:43	autocreate
72729	24125	Musashiaharon	2014-11-19 12:51:05	autocreate
72746	24126	Bodhisattwa	2014-11-19 15:10:15	autocreate
72750	24127	Krystyna.R	2014-11-19 18:34:12	autocreate
72751	24128	Tony Tan 98	2014-11-19 19:33:15	autocreate
72752	24129	Ilayov8	2014-11-19 20:17:54	autocreate
72753	24130	Jni	2014-11-19 20:49:00	autocreate
72755	24131	Persidka	2014-11-19 22:35:33	autocreate
72756	24132	Rayan Riener	2014-11-19 23:07:30	autocreate
72757	24133	HistoryKanaani	2014-11-20 03:02:09	autocreate
72758	24134	PLawrence99cx	2014-11-20 06:25:26	autocreate
72759	24135	FeyBart	2014-11-20 10:06:24	autocreate
72760	24136	Talmoryair	2014-11-20 10:22:54	autocreate
72761	24137	Snowded	2014-11-20 10:44:28	autocreate
72762	24138	Zzhdiyi	2014-11-20 13:43:58	autocreate
72763	24139	Avinash8285	2014-11-20 16:50:35	autocreate
72764	24140	PaulaMeh	2014-11-20 18:00:54	autocreate
72765	24141	Сарапулов	2014-11-20 20:55:05	autocreate
72767	24143	Wikimedia España	2014-11-20 23:56:07	autocreate
72769	24145	C48jamie	2014-11-21 01:27:45	autocreate
72771	24147	Anthony St.Thomas	2014-11-21 17:11:47	autocreate
72766	24142	King Lui	2014-11-20 23:17:11	autocreate
72768	24144	Tcgriffin	2014-11-21 00:24:07	autocreate
72770	24146	Th4n3r	2014-11-21 15:57:54	autocreate
72772	24148	Triadibe	2014-11-21 22:35:43	autocreate
72773	24149	Word dewd544	2014-11-21 23:20:11	autocreate
72775	24151	Grootsrz	2014-11-22 03:12:37	autocreate
72777	24153	Hengistmate	2014-11-22 10:26:39	autocreate
72774	24150	Grayfell	2014-11-22 00:17:34	autocreate
72776	24152	Dan Koehl	2014-11-22 08:09:04	autocreate
72781	24154	Spirensis	2014-11-22 15:29:27	autocreate
72782	24155	Okänd	2014-11-22 16:44:51	autocreate
72783	24156	Влад202	2014-11-22 17:14:39	autocreate
72784	24157	JustPlainGaz	2014-11-22 18:23:16	autocreate
72785	24158	Josephholsten	2014-11-22 19:34:17	autocreate
72797	24159	Jazive Amairany	2014-11-23 00:56:31	autocreate
72798	24160	Jahu2	2014-11-23 04:48:40	autocreate
72799	24161	ADDvokat	2014-11-23 07:48:54	autocreate
72800	24162	Franzpiler	2014-11-23 12:20:31	autocreate
72801	24163	Thieu1972	2014-11-23 12:33:45	autocreate
72802	24164	Login54321	2014-11-23 12:43:37	autocreate
72803	24165	Patrick-br	2014-11-23 13:39:03	autocreate
72806	24167	Thyj	2014-11-23 16:47:26	autocreate
72805	24166	Vladimir Lasky	2014-11-23 15:53:13	autocreate
72807	24168	Gilles2014	2014-11-23 17:57:39	autocreate
72808	24169	Druen1990	2014-11-23 18:05:01	autocreate
72810	24171	Numaiucluj	2014-11-23 19:08:54	autocreate
72809	24170	SergeyKurdakov	2014-11-23 18:26:52	autocreate
72811	24172	Gidip	2014-11-23 22:33:39	autocreate
72812	24173	Catiemei	2014-11-23 23:04:38	create
72814	24175	Krzych.w	2014-11-24 10:03:34	autocreate
72813	24174	The Average Wikipedian	2014-11-24 05:01:26	autocreate
72815	24176	Fmaksakov	2014-11-24 12:36:54	autocreate
72820	24178	Eehv3880	2014-11-24 15:39:16	autocreate
72822	24179	Mayrei	2014-11-24 16:16:53	autocreate
72824	24181	Nerdopoly	2014-11-24 22:19:54	autocreate
72826	24183	Anonimno142628	2014-11-24 23:46:51	autocreate
72828	24185	JCLarsson	2014-11-25 00:50:48	autocreate
72819	24177	Pismaker	2014-11-24 14:40:49	autocreate
72823	24180	Yugure	2014-11-24 18:40:37	autocreate
72825	24182	TrainSimFan	2014-11-24 23:30:11	autocreate
72827	24184	Selizabethcraven	2014-11-25 00:03:03	autocreate
72830	24187	Игорь Евдокимов	2014-11-25 15:04:44	autocreate
72832	24189	Mikaron	2014-11-25 18:27:34	autocreate
72844	24190	McLennonSon	2014-11-25 22:11:50	autocreate
72829	24186	Amadan1995	2014-11-25 01:15:47	autocreate
72831	24188	Hinmatóowyalahtqit	2014-11-25 17:45:12	autocreate
72846	24192	Eduardo Avalos	2014-11-26 00:13:45	autocreate
72858	24194	Xochiztli	2014-11-26 01:56:04	autocreate
72860	24196	Piotr (Venezuela)	2014-11-26 05:51:16	autocreate
72845	24191	Verbcatcher	2014-11-25 23:38:20	autocreate
72857	24193	Sardeth42	2014-11-26 01:31:13	autocreate
72862	24198	Lzy881114	2014-11-26 12:31:02	autocreate
72864	24200	GO69	2014-11-26 16:42:32	autocreate
72866	24202	Edmonaghan	2014-11-26 18:43:13	autocreate
72872	24204	Marcos dias de oliveira	2014-11-26 23:31:56	autocreate
72859	24195	EEng	2014-11-26 03:47:40	autocreate
72861	24197	Awnman	2014-11-26 12:19:55	autocreate
72863	24199	Oldstone James	2014-11-26 15:56:05	autocreate
72865	24201	NearCry	2014-11-26 17:11:02	autocreate
72871	24203	Medium69	2014-11-26 21:10:32	autocreate
72904	24205	Lestaty	2014-11-27 00:41:49	autocreate
72905	24206	Scoutguy5427	2014-11-27 02:09:27	autocreate
72906	24207	Juravenator.starki	2014-11-27 03:20:40	autocreate
72907	24208	AxelLoveEriksson	2014-11-27 09:43:55	autocreate
72908	24209	FirixQ	2014-11-27 15:42:09	autocreate
72909	24210	Thefakemelissa	2014-11-27 15:46:28	autocreate
72910	24211	ArnoldReinhold	2014-11-27 16:38:37	autocreate
72915	24212	Macrae62	2014-11-27 18:29:34	autocreate
72916	24213	Kingando	2014-11-27 18:38:32	autocreate
72917	24214	Sjones23	2014-11-27 22:22:49	autocreate
72918	24215	Normando420	2014-11-27 23:12:06	create
72922	24216	DFeuGWebmaster	2014-11-28 00:33:26	autocreate
72923	24217	Apostlebird	2014-11-28 01:18:55	autocreate
72924	24218	Willyiwab21	2014-11-28 02:11:42	create
72925	24219	MagnusCycronic	2014-11-28 02:33:02	autocreate
72934	24220	Parande	2014-11-28 06:38:56	autocreate
72935	24221	Phoenix9630	2014-11-28 07:31:35	autocreate
72936	24222	Mishu57	2014-11-28 14:06:52	autocreate
72953	24223	Gillespie51503	2014-11-28 16:10:09	autocreate
72954	24224	Jxccastillo	2014-11-28 16:15:34	autocreate
72955	24225	Tine	2014-11-28 16:42:07	autocreate
72956	24226	ScreamingDuck	2014-11-28 17:30:26	autocreate
72972	24227	Benjamin Mako Hill	2014-11-28 18:37:50	autocreate
72973	24228	Hundredand	2014-11-28 18:51:05	autocreate
72974	24229	Alexander Tendler	2014-11-28 22:28:43	autocreate
72975	24230	Swapnil0712	2014-11-29 05:37:53	autocreate
72976	24231	DustinKVRiedesel	2014-11-29 06:14:55	autocreate
72977	24232	Jack6131	2014-11-29 08:52:46	autocreate
72978	24233	EvilFreD	2014-11-29 08:58:35	autocreate
72979	24234	Hostindia services	2014-11-29 09:58:52	autocreate
72988	24235	Scandaglieremo	2014-11-29 15:38:58	autocreate
72989	24236	PanchoS	2014-11-29 16:27:11	autocreate
72998	24237	Mrselianos	2014-11-29 19:51:27	autocreate
73001	24238	Kanekofukuoka	2014-11-29 20:32:35	autocreate
73002	24239	Nukualofa	2014-11-29 20:35:33	autocreate
73003	24240	Марман	2014-11-29 21:34:11	autocreate
73004	24241	Andrew Hendo	2014-11-29 21:57:38	autocreate
73027	24242	Bogdan Oporowski	2014-11-30 05:14:35	autocreate
73028	24243	Indrek93	2014-11-30 08:17:07	autocreate
73029	24244	ZeniffMartineau	2014-11-30 09:13:12	autocreate
73030	24245	LaVoiture-balai	2014-11-30 13:10:52	autocreate
73031	24246	Mamiejeanjean	2014-11-30 13:30:34	autocreate
73032	24247	Theyoshi005	2014-11-30 14:02:13	autocreate
73033	24248	CatCat	2014-11-30 15:17:01	autocreate
73034	24249	Wackelkopp	2014-11-30 15:22:32	autocreate
73035	24250	Bruno-ban	2014-11-30 18:45:18	autocreate
73036	24251	Nonander	2014-11-30 20:52:34	autocreate
73037	24252	KaptainKyp	2014-11-30 21:39:28	autocreate
73039	24253	Vasyatka1	2014-12-01 09:52:40	autocreate
73040	24254	Henri Masson	2014-12-01 11:18:35	autocreate
73041	24255	Lilit Sharbatyan	2014-12-01 14:48:00	autocreate
73042	24256	Aschroet	2014-12-01 15:12:42	autocreate
73043	24257	TheRoCraft	2014-12-01 18:35:39	autocreate
73044	24258	Cassandrathesceptic	2014-12-01 19:01:47	autocreate
73045	24259	Ferdinand Cesarano	2014-12-01 19:24:59	autocreate
73046	24260	Dalitidlamadur	2014-12-01 20:18:03	autocreate
73048	24261	Kath Boulby	2014-12-01 20:37:35	autocreate
73049	24262	DayKey	2014-12-01 21:12:39	autocreate
73050	24263	Sphenodon	2014-12-01 22:28:57	autocreate
73051	24264	Thoughtfortheday	2014-12-01 22:51:21	autocreate
73052	24265	MichalJM	2014-12-01 23:26:54	autocreate
73053	24266	Bamyers99	2014-12-01 23:40:27	autocreate
73057	24267	Babov.md	2014-12-02 02:00:35	autocreate
73058	24268	Bamse.tramse	2014-12-02 04:23:44	autocreate
73062	24269	Gegege13	2014-12-02 07:10:49	autocreate
73063	24270	Volleyfans	2014-12-02 10:39:07	autocreate
73064	24271	Manu285	2014-12-02 13:51:17	autocreate
73096	24272	StefenettiE	2014-12-02 16:18:18	autocreate
73101	24273	PokeSkrillex	2014-12-02 20:30:48	autocreate
73111	24274	Villarreal9	2014-12-03 01:13:35	autocreate
73112	24275	OMGitzbeko	2014-12-03 04:24:50	autocreate
73113	24276	WGPHN	2014-12-03 09:02:26	autocreate
73114	24277	Marykameneva	2014-12-03 12:07:54	autocreate
73115	24278	LilleMariRosmary	2014-12-03 12:59:45	autocreate
73125	24279	Yusifmv	2014-12-03 15:26:12	autocreate
73153	24280	PsykoCors	2014-12-03 17:02:31	autocreate
73159	24281	Whattheheyhey	2014-12-03 18:11:10	autocreate
73160	24282	Nicklas NNC	2014-12-03 18:44:25	autocreate
73161	24283	Reganbarbara66	2014-12-03 18:50:16	create
73162	24284	Mofs	2014-12-03 19:25:35	autocreate
73164	24285	Fexlom	2014-12-03 22:33:50	autocreate
73166	24286	SPriceHH	2014-12-03 23:00:45	autocreate
73170	24287	Premkumarmani658	2014-12-04 02:49:18	autocreate
73171	24288	Engti	2014-12-04 09:37:57	autocreate
73172	24289	Ronhill89	2014-12-04 11:28:14	autocreate
73173	24290	郭秀可可	2014-12-04 11:47:20	autocreate
73174	24291	GreenWyvern1	2014-12-04 12:37:47	autocreate
73175	24292	Joshrulzz	2014-12-04 13:43:05	autocreate
73200	24293	ＲＪＡＮＫＡ	2014-12-04 17:05:37	autocreate
73203	24294	Sameer	2014-12-04 17:06:46	autocreate
73211	24295	Kilometers to Verona	2014-12-04 17:17:31	autocreate
73213	24296	Rahibsaleem	2014-12-04 19:21:02	autocreate
73214	24297	Davesmylie	2014-12-04 20:35:27	autocreate
73215	24298	Worldedixor	2014-12-04 21:14:37	autocreate
73242	24299	Nota999	2014-12-05 04:04:38	autocreate
73244	24300	Strangejames	2014-12-05 04:32:43	autocreate
73245	24301	Yeatesy	2014-12-05 05:26:02	autocreate
73246	24302	Ninjastrikers	2014-12-05 06:44:58	autocreate
73247	24303	Ringer	2014-12-05 07:10:25	autocreate
73248	24304	Melenn14	2014-12-05 07:13:41	autocreate
73249	24305	Kagorall	2014-12-05 14:16:37	autocreate
73251	24306	Mayuresh.gk44	2014-12-05 14:56:52	autocreate
73252	24307	Mélunio	2014-12-05 16:07:10	autocreate
73253	24308	Casky70	2014-12-05 16:18:50	autocreate
73254	24309	Mamamu3	2014-12-05 17:24:40	autocreate
73257	24310	Réda Bahlas	2014-12-05 19:29:38	autocreate
73258	24311	Tuvalkin	2014-12-05 19:49:20	autocreate
73259	24312	Dschwen	2014-12-05 22:01:56	autocreate
73260	24313	Ketone16	2014-12-05 22:59:14	autocreate
73270	24314	Vladimir Solovjev	2014-12-06 10:20:24	autocreate
73271	24315	Wwiiipage	2014-12-06 11:01:08	autocreate
73272	24316	Maurazio	2014-12-06 12:59:02	autocreate
73273	24317	WS ReNu	2014-12-06 15:32:49	autocreate
73290	24318	VerismoSiciliano	2014-12-06 17:09:21	autocreate
73307	24319	Mel22	2014-12-06 21:12:58	autocreate
73315	24320	Bmg.lord	2014-12-06 22:04:26	autocreate
73318	24321	Vojtěch Dostál	2014-12-06 22:31:37	autocreate
73340	24322	Александр Драконов	2014-12-07 16:02:33	autocreate
73341	24323	CraigyDavi	2014-12-07 17:28:14	autocreate
73342	24324	Annalone123	2014-12-07 19:29:22	autocreate
73343	24325	Detmar Huchting	2014-12-08 00:31:18	autocreate
73344	24326	Nina Flor	2014-12-08 06:27:27	autocreate
73345	24327	LeonardH	2014-12-08 08:38:28	autocreate
73346	24328	Chrag Lay Fong	2014-12-08 14:22:34	autocreate
73347	24329	Martin0499	2014-12-08 16:38:21	autocreate
73348	24330	KarolHippyman	2014-12-08 17:52:55	autocreate
73349	24331	Earapidia	2014-12-08 19:24:04	create
73351	24332	Decide	2014-12-08 22:27:15	autocreate
73366	24333	LBUSER13	2014-12-09 01:35:32	autocreate
73367	24334	BoBoMisiu	2014-12-09 02:22:46	autocreate
73369	24335	YANN92340	2014-12-09 03:02:07	autocreate
73370	24336	Ryadhalwi	2014-12-09 08:01:49	autocreate
73371	24337	Сергій Липко	2014-12-09 08:15:08	autocreate
73372	24338	Andres P Lopez	2014-12-09 08:26:59	autocreate
73374	24339	Abrahamic Faiths	2014-12-09 20:47:43	autocreate
73376	24340	Reedy (WMF)	2014-12-09 21:02:48	autocreate
73377	24341	Burzuchius	2014-12-09 21:03:50	autocreate
73387	24342	Fiddlersmouth	2014-12-09 23:56:33	autocreate
73389	24343	Yannag	2014-12-10 00:18:13	autocreate
73390	24344	Therequiembellishere	2014-12-10 03:46:19	autocreate
73391	24345	Dereknor	2014-12-10 05:56:06	autocreate
73392	24346	堇庐主人	2014-12-10 06:16:54	autocreate
73393	24347	Thjwong	2014-12-10 08:11:46	autocreate
73394	24348	Endaner	2014-12-10 10:13:27	autocreate
73395	24349	Greek Fellows	2014-12-10 13:13:54	autocreate
73396	24350	Zai零細系統保護協会	2014-12-10 13:19:51	autocreate
73397	24351	MightyEagleGER	2014-12-10 13:23:30	autocreate
73399	24352	Missngno	2014-12-10 14:25:39	autocreate
73400	24353	Jasontresize	2014-12-10 14:26:07	autocreate
73402	24354	Lanke Llion	2014-12-10 15:01:42	autocreate
73410	24355	Marinka2014	2014-12-10 15:52:14	autocreate
73412	24356	RigorousInquiry	2014-12-10 18:08:16	autocreate
73413	24357	Aderranyth	2014-12-10 20:01:10	autocreate
73414	24358	Geeklhem	2014-12-10 20:22:36	autocreate
73415	24359	Michael MacEoin	2014-12-10 21:08:46	autocreate
73416	24360	Sinornn	2014-12-10 22:10:57	create
73418	24361	Timboliath24	2014-12-10 23:59:45	autocreate
73419	24362	Sturm	2014-12-11 01:07:12	autocreate
73420	24363	CEM-air	2014-12-11 01:11:36	autocreate
73422	24364	Jtle515	2014-12-11 03:30:52	autocreate
73423	24365	Sm3a	2014-12-11 04:05:25	autocreate
73424	24366	Trevorbashaw	2014-12-11 04:55:12	autocreate
73425	24367	Couiros22	2014-12-11 10:02:48	autocreate
73426	24368	Benjamin 145	2014-12-11 10:23:49	autocreate
73427	24369	Fabioantonello	2014-12-11 10:29:57	autocreate
73430	24370	Matthew123mcghee	2014-12-11 16:22:39	create
73431	24371	Rino ap Codkelden	2014-12-11 18:59:30	autocreate
73432	24372	Evermore2	2014-12-11 21:59:15	autocreate
73433	24373	-XQV-	2014-12-11 22:02:19	autocreate
73434	24374	Neverill	2014-12-12 02:23:33	autocreate
73435	24375	Seminole Sam	2014-12-12 02:27:36	autocreate
73436	24376	Crackers	2014-12-12 02:55:49	autocreate
73437	24377	Machotrouts	2014-12-12 06:31:53	autocreate
73438	24378	Vordb	2014-12-12 07:36:00	autocreate
73439	24379	Yeahhhhhhhhhboy	2014-12-12 14:47:12	autocreate
73440	24380	Hajotthu	2014-12-12 15:52:53	autocreate
73441	24381	Marigold100	2014-12-12 18:09:33	autocreate
73454	24382	Sacto4525	2014-12-12 23:18:39	autocreate
73455	24383	Filmi50	2014-12-13 00:18:32	autocreate
73456	24384	Zfogg	2014-12-13 02:24:16	autocreate
73457	24385	XrysD	2014-12-13 12:09:26	autocreate
73458	24386	MicaelGiveson	2014-12-13 15:34:54	autocreate
73459	24387	Flejern	2014-12-13 20:29:35	autocreate
73461	24388	ZelvaCZ	2014-12-13 21:03:51	autocreate
73462	24389	Leonid76	2014-12-13 21:10:32	autocreate
73464	24390	PatGallacher	2014-12-13 21:25:33	autocreate
73466	24391	Archie02	2014-12-13 22:16:27	autocreate
73477	24392	X51xxx	2014-12-13 23:39:50	autocreate
73480	24393	Μιτσος	2014-12-14 00:16:22	autocreate
73481	24394	Cymrogogoch	2014-12-14 03:13:00	autocreate
73482	24395	Swe-finland	2014-12-14 08:37:41	autocreate
73483	24396	Bogdo302	2014-12-14 09:10:28	autocreate
73484	24397	Mwarf	2014-12-14 10:16:12	autocreate
73485	24398	Zarateman	2014-12-14 13:59:25	autocreate
73487	24400	PhilHibbs	2014-12-14 16:55:29	autocreate
73489	24402	Missvain	2014-12-15 02:53:57	autocreate
73486	24399	Le petit fromage	2014-12-14 15:24:40	autocreate
73488	24401	Moontang13	2014-12-15 00:16:41	autocreate
73490	24403	Mchlkwl	2014-12-15 06:54:34	autocreate
73491	24404	Telmac	2014-12-15 07:57:23	autocreate
73495	24407	Mattafalluga	2014-12-15 18:10:52	autocreate
73497	24409	Arie0815	2014-12-15 22:21:31	autocreate
73492	24405	Mabarian	2014-12-15 14:40:16	autocreate
73494	24406	RHaworth	2014-12-15 15:53:53	autocreate
73496	24408	Nicolas ANCEAU	2014-12-15 21:39:51	autocreate
73500	24410	Poopchuteanus	2014-12-16 03:15:23	autocreate
73511	24411	JVbot-test	2014-12-16 15:16:12	autocreate
73531	24412	Matiia	2014-12-16 16:56:12	autocreate
73532	24413	Waterloo1974	2014-12-16 18:10:12	autocreate
73533	24414	Djenial	2014-12-16 18:55:46	autocreate
73534	24415	Jnykol	2014-12-16 19:47:41	autocreate
73535	24416	Jamesdscott44	2014-12-16 20:09:55	autocreate
73538	24417	SzabinaG	2014-12-16 22:34:50	autocreate
73541	24418	Glyphwarden	2014-12-17 02:26:32	autocreate
73546	24419	Fleetingdays	2014-12-17 03:14:37	autocreate
73555	24420	Ana Geauder	2014-12-17 06:22:52	autocreate
73556	24421	Swineposit	2014-12-17 08:10:45	autocreate
73557	24422	Teyeedrtet	2014-12-17 13:28:24	autocreate
73561	24423	RadeKralsson	2014-12-17 17:00:45	autocreate
73562	24424	Nebelmond	2014-12-17 18:08:28	autocreate
73564	24425	Kreator007	2014-12-17 21:16:12	autocreate
73565	24426	Yesterfey	2014-12-17 23:18:36	autocreate
73568	24427	Seva.lapsha	2014-12-18 03:01:22	autocreate
73569	24428	HĐ	2014-12-18 05:16:04	autocreate
73570	24429	Yon204	2014-12-18 07:57:24	autocreate
73571	24430	Nairobi123	2014-12-18 09:05:10	autocreate
73572	24431	Woudpiek	2014-12-18 13:32:17	autocreate
73573	24432	Swade233	2014-12-18 13:43:21	autocreate
73574	24433	Hkvvbkgg	2014-12-18 14:48:23	autocreate
73576	24434	Iloveeatapple	2014-12-18 18:04:28	autocreate
73577	24435	Reiner Stoppok	2014-12-18 19:44:08	autocreate
73578	24436	Aeron Valderrama	2014-12-18 20:37:10	autocreate
73579	24437	MasterAnakinSkywalker	2014-12-18 20:38:25	autocreate
73580	24438	Boring Happy	2014-12-18 20:48:03	autocreate
73581	24439	EddieHugh	2014-12-18 21:17:55	autocreate
73582	24440	Noddegamra	2014-12-18 21:19:12	autocreate
73583	24441	Grind24	2014-12-18 21:32:29	autocreate
73586	24442	Alifazal	2014-12-18 22:55:45	autocreate
73591	24443	М. Амартүвшин	2014-12-19 01:27:20	autocreate
73592	24444	Anandawardhana	2014-12-19 05:19:53	autocreate
73593	24445	LSDSL	2014-12-19 07:18:19	autocreate
73594	24446	Jilfi	2014-12-19 10:57:23	autocreate
73595	24447	Dave2889	2014-12-19 11:28:32	autocreate
73596	24448	Zhujiangshuiguai	2014-12-19 11:38:13	autocreate
73597	24449	Lauravoet	2014-12-19 13:07:33	autocreate
73598	24450	Swittlestin	2014-12-19 14:00:58	create
73600	24451	Bosstopher	2014-12-19 16:02:30	autocreate
73601	24452	Lera khan	2014-12-19 16:20:27	autocreate
73616	24453	WhiteCollar125	2014-12-19 19:19:36	autocreate
73617	24454	Kiborg700	2014-12-19 21:06:20	autocreate
73618	24455	Adgunty	2014-12-19 22:29:29	autocreate
73624	24456	2pac	2014-12-19 23:54:25	autocreate
73625	24457	Cjj11729	2014-12-20 07:17:04	autocreate
73626	24458	Linkon Mortuza	2014-12-20 07:30:53	autocreate
73627	24459	BladderMuffin	2014-12-20 08:33:20	autocreate
73628	24460	BitterMan	2014-12-20 10:35:15	autocreate
73629	24461	Cayambe	2014-12-20 10:56:32	autocreate
73630	24462	RenskeT	2014-12-20 12:49:18	autocreate
73631	24463	Simone150701	2014-12-20 13:25:37	autocreate
73664	24464	Nanugabriel2000	2014-12-20 16:30:11	autocreate
73665	24465	Bereri	2014-12-20 17:52:18	autocreate
73667	24466	ចន្នី	2014-12-21 03:39:21	autocreate
73668	24467	Yukotaru	2014-12-21 09:48:42	autocreate
73669	24468	Engelbert	2014-12-21 10:42:25	autocreate
73670	24469	Vulpachjinu	2014-12-21 16:26:13	autocreate
73671	24470	Izzat I. al-Douri	2014-12-21 17:41:48	autocreate
73672	24471	Воевода	2014-12-21 22:30:15	autocreate
73673	24472	Donutcity	2014-12-21 22:54:27	autocreate
73674	24473	Razdelyon	2014-12-21 23:40:33	autocreate
73675	24474	Amitabho	2014-12-21 23:52:38	autocreate
73676	24475	Μακης Αργυριου	2014-12-22 00:36:55	autocreate
73694	24476	Battlesnake1	2014-12-22 04:19:01	autocreate
73695	24477	DiscantX	2014-12-22 05:34:49	autocreate
73696	24478	Dynasteria	2014-12-22 06:10:50	autocreate
73697	24479	Nixus Minimax	2014-12-22 10:39:39	autocreate
73698	24480	Milantoin	2014-12-22 11:17:18	autocreate
73701	24481	Miavl	2014-12-22 18:06:18	autocreate
73702	24482	Jannizz	2014-12-22 18:23:41	autocreate
73708	24483	Chrismorey	2014-12-23 00:36:14	autocreate
73709	24484	KyleECronin	2014-12-23 01:51:25	autocreate
73710	24485	Lobna El Shirbiny	2014-12-23 04:34:33	autocreate
73711	24486	Aus.Indian	2014-12-23 06:45:50	autocreate
73712	24487	Oscar5173	2014-12-23 07:51:07	autocreate
73714	24488	Aindriuomurchu	2014-12-23 14:14:39	autocreate
73715	24489	埊	2014-12-23 14:18:08	autocreate
73725	24490	Yricordel	2014-12-23 17:22:39	autocreate
73726	24491	Octograce96	2014-12-23 19:06:24	autocreate
73729	24492	Nelson lourenço laja	2014-12-23 20:30:46	autocreate
73733	24493	Φιλέτυμος	2014-12-23 23:09:15	autocreate
73735	24494	TheLateDentarthurdent	2014-12-23 23:23:33	autocreate
73743	24495	Boukansin	2014-12-24 02:17:30	autocreate
73744	24496	Replaceinkcartridges	2014-12-24 04:50:05	autocreate
73745	24497	Misty MH	2014-12-24 08:27:31	autocreate
73746	24498	Soarer12	2014-12-24 09:36:14	autocreate
73747	24499	Juwel rudra paul	2014-12-24 11:18:23	autocreate
73748	24500	AlexUzb	2014-12-24 13:37:53	autocreate
73749	24501	Nanrixinxuan	2014-12-24 14:30:49	autocreate
73750	24502	AllThatJazz2012	2014-12-24 15:12:35	autocreate
73755	24503	Salvidrim!	2014-12-24 18:10:11	autocreate
73756	24504	Schrausser	2014-12-24 20:18:15	autocreate
73757	24505	Wojnarovits	2014-12-24 20:47:15	autocreate
73758	24506	Jrancik	2014-12-24 21:37:08	autocreate
73759	24507	1ty2	2014-12-25 00:29:25	autocreate
73764	24508	Saringsson	2014-12-25 02:34:33	autocreate
73765	24509	YANBEK	2014-12-25 07:25:57	autocreate
73766	24510	Keenandiant	2014-12-25 09:58:04	autocreate
73767	24511	Stolichanin	2014-12-25 13:00:12	autocreate
73768	24512	Gimaev98	2014-12-25 15:42:44	autocreate
73770	24513	Saul Grant	2014-12-25 18:00:07	autocreate
74067	24514	Nashjean	2014-12-25 20:14:50	autocreate
74068	24515	Billlee2330	2014-12-25 20:16:10	autocreate
74069	24516	Jarash	2014-12-25 23:13:02	autocreate
74070	24517	Shenzibanzaied	2014-12-26 00:03:58	autocreate
74071	24518	CamiloBer04	2014-12-26 00:25:40	autocreate
74072	24519	Mewa767	2014-12-26 03:48:49	autocreate
74073	24520	Kheo17	2014-12-26 05:33:44	autocreate
74074	24521	Rosičák	2014-12-26 15:06:35	autocreate
74075	24522	Purple Dot	2014-12-26 16:08:31	autocreate
74076	24523	Tolkny	2014-12-26 17:29:36	autocreate
74077	24524	Tschubby	2014-12-26 17:43:36	autocreate
74078	24525	Craig.m.g0	2014-12-26 21:05:28	autocreate
74079	24526	Gio-giorgi54	2014-12-26 23:30:43	autocreate
74080	24527	Abuk SABUK	2014-12-26 23:52:03	autocreate
74081	24528	Bozalegenda	2014-12-27 01:51:55	autocreate
74082	24529	L.tak	2014-12-27 09:54:30	autocreate
74083	24530	CaolanMc	2014-12-27 11:27:36	autocreate
74084	24531	Derzsi Elekes Andor	2014-12-27 11:42:20	autocreate
74085	24532	Beckenbauer89	2014-12-27 14:56:07	autocreate
74088	24533	მხატვარი	2014-12-27 20:26:35	autocreate
74093	24535	Илья 0208	2014-12-27 22:09:48	autocreate
74092	24534	Mightymights	2014-12-27 21:37:18	autocreate
74094	24536	GentiBehramaj	2014-12-27 22:58:22	autocreate
74095	24537	Axuxius	2014-12-28 00:59:20	autocreate
74096	24538	Mar vin kaiser	2014-12-28 06:58:29	autocreate
74098	24540	SaUp2014	2014-12-28 14:57:20	autocreate
74097	24539	Rimbaldine	2014-12-28 11:01:44	autocreate
74105	24541	Noor amirudin	2014-12-28 15:40:14	autocreate
74115	24543	Mrwellnaulak	2014-12-28 19:45:03	autocreate
74114	24542	Aries273	2014-12-28 18:00:12	autocreate
74117	24545	Vongsovan	2014-12-28 22:58:01	autocreate
74116	24544	CurtisNaito	2014-12-28 20:14:58	autocreate
74118	24546	Tharsaile	2014-12-29 02:02:46	autocreate
74119	24547	Fangfufu	2014-12-29 07:24:42	autocreate
74120	24548	გიორგი ფეიქრიშვილი	2014-12-29 12:01:27	autocreate
74121	24549	Mushroom	2014-12-29 12:37:54	autocreate
74122	24550	Ccagnino	2014-12-29 15:28:59	autocreate
74123	24551	KPTNY	2014-12-29 16:00:59	autocreate
74142	24552	Bashkim h gashi	2014-12-29 20:14:36	autocreate
74143	24553	Wfroede	2014-12-29 20:19:23	autocreate
74144	24554	Rcb5	2014-12-29 22:05:37	autocreate
74145	24555	Der-Orden	2014-12-29 22:23:16	autocreate
74147	24556	Portugal Editor Exploration	2014-12-29 23:00:57	autocreate
74148	24557	Curedwales	2014-12-30 00:28:23	autocreate
74149	24558	Zezen	2014-12-30 02:03:06	autocreate
74150	24559	Pavlo4	2014-12-30 04:51:25	autocreate
74151	24560	Азербайджан-е-Джануби	2014-12-30 05:06:04	autocreate
74152	24561	Chris Kyrzyk	2014-12-30 06:01:19	autocreate
74171	24562	Coredump63	2014-12-30 17:51:40	autocreate
74172	24563	Mega-buses	2014-12-30 17:59:35	autocreate
74194	24565	Atalanta86	2014-12-30 21:43:17	autocreate
74193	24564	Mapep	2014-12-30 21:23:58	autocreate
74200	24566	Thenumberrone	2014-12-30 22:04:56	autocreate
74203	24567	Endrri	2014-12-30 22:51:14	autocreate
74206	24568	JustSomePics	2014-12-30 23:42:42	autocreate
74209	24569	Αρίσταρχ	2014-12-31 00:46:33	autocreate
74216	24570	Netzach7	2014-12-31 01:42:05	autocreate
74217	24571	Uemit1012	2014-12-31 02:03:33	autocreate
74218	24572	Edwin Okli	2014-12-31 03:18:45	autocreate
74219	24573	Mybaby'sgotalocomotive	2014-12-31 04:13:57	autocreate
74220	24574	John Tierney	2014-12-31 04:54:06	autocreate
74221	24575	BXT888	2014-12-31 09:16:09	autocreate
74222	24576	Tiensing	2014-12-31 13:32:09	autocreate
74223	24577	Axundzade ismayil	2014-12-31 15:00:10	autocreate
74225	24578	DuilioJapanlove	2014-12-31 15:35:56	autocreate
74226	24579	Diffra	2014-12-31 16:49:09	autocreate
74228	24580	Luca Herrera	2014-12-31 20:57:04	autocreate
74229	24581	Edmonston789	2015-01-01 02:54:32	autocreate
74230	24582	Autom12	2015-01-01 13:17:24	autocreate
74231	24583	NISHKAMEDITOR	2015-01-01 15:27:58	autocreate
74232	24584	Rmzerbinati	2015-01-01 16:20:55	autocreate
74233	24585	Vanellus	2015-01-01 16:42:26	autocreate
74234	24586	Evertonfandan	2015-01-01 18:11:23	autocreate
74235	24587	BoxofPresents	2015-01-01 21:31:19	autocreate
74237	24588	Pjesnik21	2015-01-01 22:12:23	autocreate
74238	24589	ISFSN	2015-01-01 23:47:02	autocreate
74239	24590	Guy Macon	2015-01-02 04:09:38	autocreate
74240	24591	Hym411	2015-01-02 07:06:42	autocreate
74241	24592	Sralp2	2015-01-02 07:11:37	autocreate
74242	24593	Mohsn07	2015-01-02 07:36:01	autocreate
74243	24594	Yer Demir Gök Bakır	2015-01-02 07:51:05	autocreate
74244	24595	Huhu9001	2015-01-02 07:54:17	autocreate
74245	24596	Eminn	2015-01-02 08:55:24	autocreate
74247	24598	Whalefreezer	2015-01-02 09:51:12	autocreate
74249	24600	Maxwell Edison	2015-01-02 14:57:48	autocreate
74246	24597	Tiretpointtiret	2015-01-02 09:22:10	autocreate
74248	24599	Keith Edkins	2015-01-02 12:45:27	autocreate
74252	24602	XanaduZepp2112	2015-01-02 15:43:53	autocreate
74251	24601	Jonas Motta	2015-01-02 15:39:30	autocreate
74261	24604	MacMorrow Mór	2015-01-02 20:28:42	autocreate
74260	24603	Stååkeijzl	2015-01-02 19:56:53	autocreate
74264	24605	MakeF	2015-01-02 22:03:35	autocreate
74268	24606	Berryfeels	2015-01-02 22:09:30	autocreate
74280	24607	RandomPerson137	2015-01-03 00:03:37	autocreate
74281	24608	Palettepony895	2015-01-03 02:23:16	autocreate
74282	24609	Leonina666444	2015-01-03 03:03:45	autocreate
74283	24610	Wtmitchell	2015-01-03 03:34:48	autocreate
74284	24611	Johnstewart112	2015-01-03 08:50:34	create
74285	24612	Awyuna	2015-01-03 11:03:42	autocreate
74286	24613	FlorToska	2015-01-03 11:28:55	autocreate
74287	24614	Tranefine	2015-01-03 12:54:54	autocreate
